"id","topic","text","treatment date","treatment country","treatment given"
"1","chest pain","Chest pain can be cardiac, respiratory, GI, or MSK. Always rule out acute coronary syndrome (ACS) with ECG and troponins.","2023-10-27","USA","ECG and Troponin T/I test"
"2","leg pain","Leg pain causes include deep vein thrombosis (DVT), muscle strain, neuropathy, or peripheral arterial disease. Assess for Homan's sign and risk factors.","2023-10-27","Canada","Compression Stockings + Duplex Ultrasound"
"3","fever","Fever approach: complete history, travel, exposures, focused exam, and look for red flags like hypotension or altered mental status (AMS).","2023-10-27","Mexico","Focused Exam and Blood Cultures"
"4","hypertension","Hypertension management involves lifestyle modification (DASH diet, exercise) and pharmacotherapy (ACEi, ARBs, Thiazides, CCBs). Target BP varies by comorbidities.","2023-10-27","Brazil","Lisinopril 10 mg PO daily"
"5","diabetes mellitus type 2","DM2 initial treatment: metformin and lifestyle changes. Monitor HbA1c, fasting glucose, and watch for complications like retinopathy and neuropathy.","2023-10-27","Argentina","Metformin 500 mg PO BID"
"6","acute kidney injury","AKI is classified as pre-renal (volume depletion), intrinsic (ATN, AIN), or post-renal (obstruction). Check BUN/Cr ratio and fractional excretion of sodium (FENa).","2023-10-27","Chile","IV Normal Saline fluid bolus"
"7","asthma exacerbation","Asthma exacerbation treatment: SABA (albuterol), systemic corticosteroids, and oxygen if SpO2 < 90%. Assess peak expiratory flow rate (PEFR).","2023-10-27","Colombia","Albuterol MDI 2 puffs PRN or Nebulizer"
"8","migraine","Migraine abortive therapy: Triptans, NSAIDs, or CGRP antagonists. Prophylaxis includes beta-blockers, topiramate, or CGRP monoclonal antibodies.","2023-10-27","Peru","Sumatriptan 50-100 mg PO"
"9","hypothyroidism","Hypothyroidism treatment: Levothyroxine (T4 replacement). Dose adjusted based on TSH levels, typically aiming for TSH in the normal range.","2023-10-27","UK","Levothyroxine 50 mcg PO daily"
"10","pneumonia","Community-Acquired Pneumonia (CAP) coverage: macrolides or doxycycline, or fluoroquinolones for outpatients. Use CURB-65 for severity assessment.","2023-10-27","France","Azithromycin 500mg PO daily"
"11","atrial fibrillation","AFib management: rate control (beta-blockers, CCBs), rhythm control, and stroke prophylaxis using the CHA2DS2-VASc score to guide anticoagulation.","2023-10-27","Germany","Diltiazem 30 mg PO QID for rate control"
"12","gastroesophageal reflux disease","GERD treatment: PPIs (omeprazole) or H2 blockers (famotidine). Lifestyle changes include avoiding triggers and elevating the head of the bed.","2023-10-27","Italy","Omeprazole 20 mg PO daily"
"13","urinary tract infection","Uncomplicated UTI treatment: trimethoprim-sulfamethoxazole (Bactrim) or nitrofurantoin. Obtain urine culture before starting antibiotics for complicated cases.","2023-10-27","Spain","Bactrim DS PO BID for 3 days"
"14","stroke (ischemic)","Ischemic stroke acute management: IV thrombolysis (alteplase) if within 4.5 hours and no contraindications, or mechanical thrombectomy.","2023-10-27","Portugal","IV Alteplase 0.9 mg/kg (max 90mg)"
"15","anxiety disorder","Generalized Anxiety Disorder (GAD) treatment: SSRIs (e.g., escitalopram), CBT, and mindfulness. Benzodiazepines are used for acute short-term relief only.","2023-10-27","Netherlands","Escitalopram 10 mg PO daily"
"16","bacterial meningitis","Meningitis empiric treatment: vancomycin + a third-generation cephalosporin (e.g., ceftriaxone) + dexamethasone. Lumbar puncture is diagnostic.","2023-10-27","Belgium","Vancomycin + Ceftriaxone IV"
"17","chronic obstructive pulmonary disease","COPD management: LAMA (tiotropium), LABA (salmeterol), and inhaled corticosteroids (ICS) for severe disease. Smoking cessation is key.","2023-10-27","Sweden","Tiotropium 18 mcg inhalation daily"
"18","appendicitis","Acute appendicitis diagnosis: clinical signs (RLQ pain, Rovsing's sign), elevated WBC count, confirmed by CT scan or ultrasound. Treatment is appendectomy.","2023-10-27","Norway","Laparoscopic Appendectomy"
"19","rheumatoid arthritis","RA treatment: Methotrexate is the cornerstone DMARD. Biologic agents (TNF inhibitors) are used for refractory disease. Focus on joint protection.","2023-10-27","Denmark","Methotrexate 15 mg PO weekly"
"20","iron deficiency anemia","IDA management: oral ferrous sulfate, monitor reticulocyte count. Must investigate the cause of blood loss, especially GI tract in adults.","2023-10-27","Finland","Ferrous Sulfate 325 mg PO daily"
"21","hyperkalemia","Hyperkalemia emergency treatment: membrane stabilization (calcium gluconate), shifting (insulin/glucose, albuterol), and elimination (kayexalate, dialysis).","2023-10-27","Poland","Calcium Gluconate 1g IV push"
"22","sepsis","Sepsis bundle: prompt fluid resuscitation, broad-spectrum antibiotics within 1 hour, vasopressors (norepinephrine) for persistent hypotension.","2023-10-27","Russia","30 mL/kg IV crystalloid bolus"
"23","cirrhosis","Cirrhosis complications include ascites (diuretics), encephalopathy (lactulose, rifaximin), and variceal bleeding (beta-blockers, banding).","2023-10-27","Ukraine","Lactulose 30 mL PO TID"
"24","pancreatitis","Acute pancreatitis management: NPO, aggressive IV fluid hydration (lactated Ringer's), and pain control. Investigate etiology (gallstones, alcohol).","2023-10-27","Turkey","Aggressive IV Lactated Ringer's"
"25","glaucoma","Glaucoma treatment aims to reduce intraocular pressure (IOP) using prostaglandin analogs (latanoprost), beta-blockers, or laser/surgical procedures.","2023-10-27","Greece","Latanoprost 0.005% eye drops daily"
"26","herpes zoster","Herpes Zoster (Shingles) treatment: Acyclovir, valacyclovir, or famciclovir started within 72 hours of rash onset to reduce severity and risk of post-herpetic neuralgia.","2023-10-27","Switzerland","Valacyclovir 1 g PO TID x 7 days"
"27","bipolar disorder","Bipolar I treatment: mood stabilizers (lithium, valproate) and atypical antipsychotics. Avoid antidepressant monotherapy as it can trigger mania.","2023-10-27","Austria","Lithium 300 mg PO TID"
"28","tuberculosis","Active TB treatment: RIPE (Rifampin, Isoniazid, Pyrazinamide, Ethambutol) for the initial phase. Monitor liver function for hepatotoxicity.","2023-10-27","Ireland","RIPE combination therapy (4 drugs)"
"29","deep vein thrombosis","DVT diagnosis: Duplex ultrasound. Treatment: Anticoagulation (LMWH, DOACs) for at least 3 months. Risk factors: Virchow's triad.","2023-10-27","Iceland","Rivaroxaban 15 mg PO BID for 3 weeks"
"30","hypoglycemia","Hypoglycemia (glucose < 70 mg/dL) treatment: 15-20g simple carbohydrates (e.g., glucose tablets). Severe cases: Glucagon or IV dextrose.","2023-10-27","Egypt","15g Fast-acting carbohydrate (e.g., 4 oz juice)"
"31","congestive heart failure","HFrEF standard therapy: ACEi/ARB/ARNI, beta-blocker, and mineralocorticoid receptor antagonist (MRA). Diuretics are for symptom relief.","2023-10-27","South Africa","Carvedilol 6.25 mg PO BID"
"32","peptic ulcer disease","PUD causes: H. pylori infection or NSAID use. Treatment involves PPIs and antibiotics (triple therapy) if H. pylori positive.","2023-10-27","Nigeria","Triple Therapy (PPI + Clarithromycin + Amoxicillin)"
"33","hepatitis c","Hepatitis C treatment: Direct-Acting Antivirals (DAAs) achieve high cure rates (SVR). Screening is recommended for high-risk groups.","2023-10-27","Kenya","Sofosbuvir/Velpatasvir PO daily x 12 weeks"
"34","osteoporosis","Osteoporosis management: Bisphosphonates (alendronate), Vitamin D, and calcium supplementation. Monitor bone density (DEXA scan).","2023-10-27","Ethiopia","Alendronate 70 mg PO weekly"
"35","epilepsy","Epilepsy treatment: Antiepileptic drugs (AEDs) like levetiracetam or valproate. Drug choice depends on seizure type.","2023-10-27","Ghana","Levetiracetam 500 mg PO BID"
"36","multiple sclerosis","MS acute exacerbation treatment: high-dose IV corticosteroids. Disease-modifying therapies (DMTs) reduce relapse rate and progression.","2023-10-27","Morocco","Methylprednisolone 1g IV daily x 3 days"
"37","cholecystitis","Acute cholecystitis diagnosis: RUQ pain, fever, leukocytosis, positive Murphy's sign, confirmed by CT scan or ultrasound. Treatment is cholecystectomy.","2023-10-27","Algeria","Cholecystectomy (surgical removal)"
"38","systemic lupus erythematosus","SLE treatment: Hydroxychloroquine for all patients. Corticosteroids for flares. Immunosuppressants (mycophenolate) for organ involvement.","2023-10-27","Tanzania","Hydroxychloroquine 200 mg PO BID"
"39","tinea pedis (athlete's foot)","Tinea pedis treatment: topical antifungals (miconazole, clotrimazole). Keep feet dry; use antifungal powder in shoes.","2023-10-27","Uganda","Clotrimazole topical cream BID"
"40","allergic rhinitis","Allergic rhinitis treatment: Intranasal corticosteroids (fluticasone), oral antihistamines, or leukotriene inhibitors (montelukast).","2023-10-27","Senegal","Fluticasone nasal spray daily"
"41","benign prostatic hyperplasia","BPH treatment: Alpha-blockers (tamsulosin) for rapid symptom relief, 5-alpha reductase inhibitors (finasteride) to reduce prostate size.","2023-10-27","India","Tamsulosin 0.4 mg PO daily"
"42","chronic kidney disease","CKD management: Blood pressure control (<130/80), ACEi/ARB, glycemic control, and dietary protein restriction. Monitor GFR and albuminuria.","2023-10-27","China","BP control (target <130/80)"
"43","diverticulitis","Acute diverticulitis treatment: usually outpatient antibiotics (ciprofloxacin + metronidazole) and bowel rest. Surgery for complicated cases.","2023-10-27","Japan","Ciprofloxacin + Metronidazole PO"
"44","carpal tunnel syndrome","CTS diagnosis: Phalen's sign, Tinel's sign, nerve conduction studies. Treatment: wrist splinting, corticosteroid injection, or surgical release.","2023-10-27","South Korea","Wrist Splinting (neutral position)"
"45","schizophrenia","Schizophrenia treatment: Second-generation antipsychotics (e.g., risperidone, olanzapine). Psychoeducation and CBT are crucial adjuncts.","2023-10-27","Australia","Risperidone 2 mg PO daily"
"46","gout","Acute gout treatment: NSAIDs (indomethacin), colchicine, or corticosteroids. Prophylaxis: allopurinol (xanthine oxidase inhibitor).","2023-10-27","New Zealand","Colchicine 0.6 mg PO BID"
"47","viral gastroenteritis","Viral gastroenteritis treatment: supportive care with oral rehydration solution (ORS). Avoid anti-motility agents unless infectious cause is ruled out.","2023-10-27","Indonesia","Oral Rehydration Solution (ORS)"
"48","tension headache","Tension headache treatment: OTC analgesics (NSAIDs, acetaminophen). Prevention: stress reduction, biofeedback, or tricyclic antidepressants.","2023-10-27","Thailand","Acetaminophen 500 mg PO PRN"
"49","cellulitis","Cellulitis treatment: antibiotics covering skin flora (e.g., cephalexin or clindamycin, depending on MRSA risk). Elevate the affected limb.","2023-10-27","Vietnam","Cephalexin 500 mg PO QID"
"50","myocardial infarction","STEMI acute management: MONA (Morphine, Oxygen, Nitroglycerin, Aspirin), P2Y12 inhibitor, and immediate percutaneous coronary intervention (PCI).","2023-10-27","Philippines","Aspirin 325mg chewable + Clopidogrel 300mg LD"
"51","hyperthyroidism","Hyperthyroidism (Graves' disease) treatment: antithyroid drugs (methimazole, PTU), radioactive iodine ablation, or surgery.","2023-10-27","Malaysia","Methimazole 10 mg PO daily"
"52","community-acquired mrsa","CA-MRSA skin infection treatment: Incision and drainage (I&D) for abscesses. Oral options: Clindamycin, Bactrim, or Doxycycline.","2023-10-27","Singapore","I&D + Trimethoprim-sulfamethoxazole (Bactrim)"
"53","pelvic inflammatory disease","PID outpatient treatment: Ceftriaxone injection + Doxycycline + Metronidazole. Screen and treat for concurrent STIs.","2023-10-27","Saudi Arabia","Ceftriaxone 250mg IM + Doxycycline + Metronidazole"
"54","macular degeneration","Wet AMD treatment: intravitreal injection of anti-VEGF agents (ranibizumab, aflibercept). Dry AMD: high-dose vitamins (AREDS formulation).","2023-10-27","UAE","Anti-VEGF intravitreal injection"
"55","transient ischemic attack","TIA management: rapid workup to prevent stroke. Aspirin + P2Y12 inhibitor (DAPT) for high-risk patients. Carotid imaging is essential.","2023-10-27","Israel","Aspirin 81 mg + Clopidogrel 75 mg daily"
"56","otitis media","Acute otitis media (AOM) treatment: Amoxicillin is first line. Watchful waiting is an option for certain low-risk children.","2023-10-27","Iran","Amoxicillin 90 mg/kg/day PO BID"
"57","irritable bowel syndrome","IBS management: dietary changes (FODMAP restriction), fiber, antispasmodics (dicyclomine), or linaclotide for constipation-predominant IBS (IBS-C).","2023-10-27","Pakistan","Low FODMAP diet counseling"
"58","rotator cuff tear","Rotator cuff tear treatment: physical therapy for partial tears; surgical repair for complete tears, especially in active patients.","2023-10-27","Bangladesh","Physical Therapy / Surgical Repair"
"59","psoriasis","Psoriasis treatment: topical corticosteroids, vitamin D analogs. Systemic agents (methotrexate, biologics) for severe disease.","2023-10-27","Nepal","High-potency topical corticosteroids"
"60","hypovolemic shock","Hypovolemic shock treatment: rapid infusion of IV crystalloids (normal saline or lactated Ringer's). Blood products for hemorrhagic shock.","2023-10-27","Sri Lanka","IV Normal Saline 1-2 Liters wide open"
"61","syphilis","Syphilis treatment: Benzathine penicillin G, dose and duration depend on the stage (primary, secondary, latent, or tertiary).","2023-10-27","Kazakhstan","Benzathine Penicillin G 2.4 million units IM"
"62","anaphylaxis","Anaphylaxis emergency treatment: IM epinephrine (EpiPen) is first-line. Also administer H1/H2 blockers and corticosteroids.","2023-10-27","Uzbekistan","Epinephrine 0.3 mg IM (repeat q 5-15 mins)"
"63","thyroid cancer","Papillary thyroid carcinoma (most common) treatment: thyroidectomy, followed by radioactive iodine for high-risk patients. TSH suppression is key.","2023-10-27","Afghanistan","Thyroidectomy + TSH suppression (Levothyroxine)"
"64","major depressive disorder","MDD first-line treatment: SSRIs or SNRIs, and psychotherapy (CBT, IPT). Assess for suicide risk immediately.","2023-10-27","Lebanon","Sertraline 50 mg PO daily + CBT"
"65","diabetic ketoacidosis","DKA management: aggressive IV fluids (NS), continuous IV regular insulin infusion, and electrolyte monitoring/replacement (especially potassium).","2023-10-27","Jordan","Continuous IV Regular Insulin drip (0.1 U/kg/hr)"
"66","prostatitis","Acute bacterial prostatitis treatment: Fluoroquinolones (ciprofloxacin) or Bactrim for 4-6 weeks due to poor prostate penetration.","2023-10-27","Kuwait","Ciprofloxacin 500 mg PO BID for 4 weeks"
"67","candidiasis (oral thrush)","Oral candidiasis treatment: topical antifungals (nystatin swish and swallow) or systemic fluconazole for immunocompromised patients.","2023-10-27","Qatar","Nystatin suspension 5 mL swish and swallow QID"
"68","pre-eclampsia","Pre-eclampsia management: delivery is the only cure. Magnesium sulfate for seizure prophylaxis. BP control (labetalol, hydralazine).","2023-10-27","Bahrain","Labetalol IV or Hydralazine IV for BP control"
"69","parkinson's disease","Parkinson's treatment: Levodopa/carbidopa (Sinemet) is the most effective. Dopamine agonists, MAO-B inhibitors are other options.","2023-10-27","Czech Republic","Carbidopa/Levodopa 25/100 mg PO TID"
"70","ulcerative colitis","UC treatment: 5-aminosalicylates (5-ASA) for mild-to-moderate disease. Corticosteroids for flares. Immunomodulators/biologics for severe disease.","2023-10-27","Hungary","Mesalamine (5-ASA) 1.2 g PO TID"
"71","concussion","Concussion management: physical and cognitive rest followed by a gradual, step-wise return to activity/play. Avoid symptom-provoking activities.","2023-10-27","Romania","Physical and Cognitive Rest (24-48 hours)"
"72","gallstones (cholelithiasis)","Asymptomatic gallstones require no treatment. Symptomatic cholelithiasis (biliary colic) is treated with elective cholecystectomy.","2023-10-27","Bulgaria","Elective Cholecystectomy (for symptomatic stones)"
"73","obstructive sleep apnea","OSA first-line treatment: continuous positive airway pressure (CPAP). Lifestyle changes (weight loss, avoiding alcohol) are also important.","2023-10-27","Croatia","Continuous Positive Airway Pressure (CPAP)"
"74","acute otitis externa","Otitis externa (Swimmer's Ear) treatment: topical antibiotic/steroid drops (e.g., Cipro/Dexamethasone). Keep the ear canal dry.","2023-10-27","Serbia","Ciprofloxacin/Dexamethasone otic drops"
"75","endocarditis","Infective endocarditis empiric treatment: vancomycin + gentamicin. Vegetations on valve are seen on echocardiogram (TEE is superior).","2023-10-27","Slovenia","IV Vancomycin + Gentamicin"
"76","fibromyalgia","Fibromyalgia management: patient education, aerobic exercise, and medications (pregabalin, duloxetine, amitriptyline) to manage pain and sleep.","2023-10-27","Slovakia","Pregabalin 75 mg PO BID"
"77","varicella (chickenpox)","Varicella management: supportive care. Acyclovir may be used in adolescents/adults if started within 24 hours of rash onset.","2023-10-27","Lithuania","Supportive Care (antipyretics, oatmeal baths)"
"78","hyponatremia","Hyponatremia treatment depends on volume status (hypovolemic, euvolemic, hypervolemic). Correct slowly to prevent osmotic demyelination syndrome.","2023-10-27","Latvia","Slow correction with 3% Saline (for severe cases)"
"79","breast cancer screening","Breast cancer screening: mammography starting at age 40 or 50, depending on guidelines. Clinical breast exam is no longer routinely recommended.","2023-10-27","Estonia","Screening Mammography (annually or biennially)"
"80","polycystic ovary syndrome","PCOS treatment: lifestyle changes (weight loss), oral contraceptives (OCPs) for menstrual regulation, and metformin for insulin resistance.","2023-10-27","Cuba","Oral Contraceptives (OCPs) for regulation"
"81","shingles vaccine","The recombinant zoster vaccine (Shingrix) is recommended for all immunocompetent adults aged 50 and older (two doses).","2023-10-27","Jamaica","Shingrix vaccine (2 doses)"
"82","hypercalcemia","Severe hypercalcemia treatment: aggressive IV fluid hydration (NS) and bisphosphonates (pamidronate). Look for underlying malignancy or hyperparathyroidism.","2023-10-27","Haiti","IV Normal Saline + Pamidronate 90mg IV"
"83","atypical pneumonia","Atypical pneumonia (Mycoplasma, Chlamydia) is treated with macrolides (azithromycin) or doxycycline, as they lack a cell wall.","2023-10-27","Venezuela","Azithromycin 500 mg PO daily x 5 days"
"84","peripheral neuropathy","PN management: control underlying cause (e.g., diabetes), medications for pain (gabapentin, pregabalin), and physical therapy.","2023-10-27","Ecuador","Gabapentin 300 mg PO TID"
"85","c diff infection","C. difficile infection treatment: Oral vancomycin or fidaxomicin. Use contact isolation and hand hygiene with soap and water (not alcohol).","2023-10-27","Bolivia","Oral Vancomycin 125mg QID x 10 days"
"86","hernia (inguinal)","Inguinal hernia treatment: surgical repair (herniorrhaphy or hernioplasty). Watchful waiting may be appropriate for asymptomatic men.","2023-10-27","Paraguay","Surgical Hernia Repair (mesh insertion)"
"87","venous insufficiency","Chronic venous insufficiency treatment: compression stockings, leg elevation, and exercise. Ablation or stripping may be needed for severe symptoms.","2023-10-27","Uruguay","Graduated Compression Stockings"
"88","polymyalgia rheumatica","PMR treatment: low-dose oral corticosteroids (prednisone). Monitor for progression to giant cell arteritis (GCA).","2023-10-27","Guyana","Prednisone 15 mg PO daily"
"89","acute bronchitis","Acute bronchitis is usually viral; antibiotics are not indicated unless bacterial pneumonia is suspected. Symptomatic treatment includes cough suppressants.","2023-10-27","Sudan","Symptomatic Treatment (Dextromethorphan for cough)"
"90","seizure management","Acute seizure management: IV benzodiazepines (lorazepam, diazepam). Followed by a loading dose of an AED (e.g., phenytoin or levetiracetam).","2023-10-27","DRC","Lorazepam 4mg IV (or Diazepam)"
"91","hiv pre-exposure prophylaxis","PrEP regimen: Tenofovir/emtricitabine (Truvada or Descovy). Requires baseline HIV testing and regular follow-up for monitoring and testing.","2023-10-27","Angola","Tenofovir/Emtricitabine PO daily"
"92","psoriatic arthritis","PsA treatment: NSAIDs for mild symptoms. DMARDs (methotrexate) or biologics (TNF inhibitors) for active, progressive joint disease.","2023-10-27","Zambia","Methotrexate 7.5 mg PO weekly"
"93","kidney stones (nephrolithiasis)","Kidney stone management: hydration, pain control (NSAIDs), and alpha-blockers (tamsulosin) to facilitate passage. Lithotripsy for larger stones.","2023-10-27","Zimbabwe","Tamsulosin 0.4 mg PO daily"
"94","iron poisoning","Iron poisoning management: whole-bowel irrigation, chelation with deferoxamine, and supportive care for acidosis/shock.","2023-10-27","Mozambique","Deferoxamine chelation therapy"
"95","sickle cell crisis","Vaso-occlusive crisis (VOC) treatment: aggressive pain management (opioids), IV hydration, and oxygen. Hydroxyurea for prophylaxis.","2023-10-27","Madagascar","Aggressive IV Hydration + Opioids (Morphine)"
"96","rheumatic fever","Rheumatic fever prevention: prompt treatment of Group A Strep pharyngitis with penicillin. Treatment: NSAIDs for arthritis, corticosteroids for carditis.","2023-10-27","Cameroon","Penicillin V PO for Strep Pharyngitis"
"97","malaria","Malaria treatment depends on species and resistance patterns (e.g., Artemether-lumefantrine, chloroquine). Prophylaxis for travelers is crucial.","2023-10-27","Côte d'Ivoire","Artemether-lumefantrine PO"
"98","polio immunization","Poliomyelitis vaccine schedule: series of four doses of the inactivated polio vaccine (IPV) starting at 2 months of age.","2023-10-27","Tunisia","Inactivated Polio Vaccine (IPV) series"
"99","drug-induced liver injury","DILI management: immediate cessation of the offending agent. Acetaminophen overdose antidote is N-acetylcysteine (NAC).","2023-10-27","Libya","N-acetylcysteine (NAC) IV/PO (for Acetaminophen OD)"
"100","delirium","Delirium management: identify and treat the underlying cause (infection, drugs, metabolic). Use non-pharmacological interventions first; haloperidol if necessary.","2023-10-27","Fiji","Identify/Treat Underlying Cause + Haloperidol 0.5 mg PO/IV"
"101","dengue fever","Dengue is a mosquito-borne viral illness. Management is supportive: hydration, monitoring for warning signs (abdominal pain, bleeding, low platelets), and avoidance of NSAIDs.","2023-10-27","USA","IV/Oral Hydration and Acetaminophen"
"102","typhoid fever","Caused by Salmonella Typhi, spread via contaminated food/water. Treatment requires antibiotics (e.g., fluoroquinolones, azithromycin) and supportive care. Vaccination is key for prevention.","2023-10-27","Canada","Azithromycin 500mg PO daily x 7 days"
"103","malaria (p. falciparum)","Endemic in many regions. Treatment depends on resistance; often Artemisinin-based Combination Therapy (ACT) is used. Severe malaria needs IV artesunate.","2023-10-27","Mexico","IV Artesunate or ACT"
"104","hepatitis a and e","Both are enteric (fecal-oral) spread, common in areas with poor sanitation. Management is primarily supportive; Hepatitis E is especially risky in pregnant women.","2023-10-27","Brazil","Supportive Care (rest and nutrition)"
"105","tuberculosis (mdr-tb)","Multi-Drug Resistant TB requires specialized treatment regimens using second-line drugs (e.g., bedaquiline, linezolid) for longer durations, guided by drug sensitivity testing.","2023-10-27","Argentina","Second-line drugs (e.g., Bedaquiline + Linezolid)"
"106","acute diarrheal disease (children)","Leading cause of death in children under 5. Management: low osmolarity Oral Rehydration Solution (ORS) and Zinc supplementation. ","2023-10-27","Chile","Low Osmolarity ORS + Zinc 10-20mg daily"
"107","chikungunya","Mosquito-borne viral disease causing severe, often long-lasting, joint pain (arthralgia). Treatment is symptomatic (NSAIDs) as there is no specific antiviral.","2023-10-27","Colombia","NSAIDs (Naproxen or Ibuprofen)"
"108","kala-azar (visceral leishmaniasis)","Vector-borne disease (sandfly). Endemic in parts of Bihar, Jharkhand, UP. Treatment: Liposomal Amphotericin B or Miltefosine.","2023-10-27","Peru","Liposomal Amphotericin B IV"
"109","japanese encephalitis (je)","Mosquito-borne viral encephalitis, common in endemic regions. Prevention via immunization is critical. Treatment is purely supportive.","2023-10-27","UK","Supportive Care and Immunization"
"110","leptospirosis","Bacterial infection transmitted through water contaminated by animal urine. Presents as fever, headache, myalgia. Treatment: Penicillin or Doxycycline.","2023-10-27","France","Doxycycline 100mg PO BID x 7 days"
"111","filariasis (lymphatic)","Caused by parasitic worms transmitted by mosquitoes, leading to lymphedema and elephantiasis. Treatment: Diethylcarbamazine (DEC) and mass drug administration programs.","2023-10-27","Germany","Diethylcarbamazine (DEC) 6 mg/kg daily"
"112","rabies","100% fatal but 100% preventable. Post-exposure prophylaxis (PEP) includes wound washing, Rabies Immunoglobulin (RIG), and rabies vaccine series.","2023-10-27","Italy","RIG + 5-dose vaccine series"
"113","measles","Highly contagious viral illness. Prevented by the MMR vaccine (two doses). Treatment is supportive, with Vitamin A supplementation recommended.","2023-10-27","Spain","Vitamin A 100,000 to 200,000 IU daily"
"114","acute respiratory infection (ari) in children","Often viral. Antibiotics are only used if bacterial cause or complication (pneumonia) is suspected. Look for fast breathing or chest indrawing.","2023-10-27","Portugal","Amoxicillin (if bacterial pneumonia suspected)"
"115","hepatitis b","Chronic infection requires monitoring and antiviral therapy (e.g., tenofovir) to prevent cirrhosis/HCC. Vaccination is routine for infants.","2023-10-27","Netherlands","Tenofovir 300 mg PO daily"
"116","hand, foot, and mouth disease (hfmd)","Common viral infection in children (Coxsackievirus). Causes rash on hands, feet, and mouth ulcers. Supportive care for fever and pain.","2023-10-27","Belgium","Supportive Care (pain relief/hydration)"
"117","diphtheria","Preventable by DPT vaccine. Causes thick gray membrane in the throat. Treatment: Diphtheria antitoxin + antibiotics (erythromycin/penicillin).","2023-10-27","Sweden","Diphtheria Antitoxin (DAT)"
"118","pertussis (whooping cough)","Highly contagious bacterial infection. Preventable by DPT vaccine. Treatment: macrolides (azithromycin) to reduce contagiousness.","2023-10-27","Norway","Azithromycin PO (dose dependent on age)"
"119","brucellosis","Bacterial zoonosis (from unpasteurized dairy). Causes undulating fever. Treatment: Doxycycline + Rifampicin for several weeks.","2023-10-27","Denmark","Doxycycline + Rifampicin (for 6 weeks)"
"120","tetanus","Caused by Clostridium tetani toxin. Preventable by DPT/TT vaccine. Treatment: Tetanus immune globulin (TIG), muscle relaxants, and wound debridement.","2023-10-27","Finland","Tetanus Immune Globulin (TIG) IM"
"121","rheumatic heart disease (rhd)","Consequence of untreated Group A Strep throat. Prevention: secondary prophylaxis with long-acting Benzathine Penicillin G.","2023-10-27","Poland","Benzathine Penicillin G 1.2 million units IM q 3-4 weeks"
"122","oral cancer","Highly prevalent, strongly linked to tobacco (chewing and smoking) and alcohol. Early detection via visual inspection is vital. Treatment: surgery, radiation, chemotherapy.","2023-10-27","Russia","Surgical resection (mandibulectomy/glossectomy)"
"123","cervical cancer","Preventable via HPV vaccination (for young girls/women) and screening (Pap smear, HPV testing) for early detection. Treatment: surgery, radiation, brachytherapy.","2023-10-27","Ukraine","HPV Vaccination (series of doses)"
"124","breast cancer (screening)","Incidence rising in urban India. Screening includes clinical breast exam and mammography (starting around age 40-50 for high-risk).","2023-10-27","Turkey","Annual Screening Mammography"
"125","ischemic heart disease (ihd) in young adults","Increasingly seen in younger Indian populations due to lifestyle changes, stress, and genetic predisposition. Aggressive risk factor control is crucial.","2023-10-27","Greece","Aggressive Statin and BP management"
"126","metabolic syndrome","Defined by central obesity, hypertension, dyslipidemia, and insulin resistance. Manage with diet, exercise, and targeted pharmacotherapy.","2023-10-27","Switzerland","Weight management/Dietary intervention"
"127","chronic obstructive pulmonary disease (crd/copd)","High burden due to smoking, biomass fuel exposure (indoor air pollution), and outdoor air pollution. Management: LABA/LAMA and inhaled steroids.","2023-10-27","Austria","Salmeterol/Fluticasone Inhaler"
"128","asthma (environmental triggers)","Often exacerbated by environmental factors like dust, pollen, and high levels of air pollution in cities. Stepwise therapy with ICS.","2023-10-27","Ireland","Inhaled Corticosteroid (ICS) daily"
"129","type 1 diabetes mellitus (t1dm)","Autoimmune destruction of insulin-producing cells. Requires lifelong exogenous insulin therapy and careful blood glucose monitoring.","2023-10-27","Iceland","Basal-bolus insulin regimen"
"130","non-alcoholic fatty liver disease (nafld)","Highly correlated with obesity and DM2 (Metabolic Syndrome). Treatment focuses on weight loss, exercise, and management of associated conditions.","2023-10-27","Egypt","Weight Loss (5-10% body weight)"
"131","chronic pancreatitis","Often alcohol-related or idiopathic. Management: enzyme supplementation (for malabsorption), pain control, and diabetes management.","2023-10-27","South Africa","Pancreatic Enzyme Replacement Therapy (PERT)"
"132","peripheral artery disease (pad)","Common complication of diabetes/smoking, causing claudication (leg pain). Management: exercise, antiplatelets (aspirin), and risk factor control.","2023-10-27","Nigeria","Aspirin 81 mg PO daily + Exercise program"
"133","sickle cell disease/thalassemia","High prevalence of genetic hemoglobinopathies in certain regions/communities. Requires specialized hematological care, blood transfusions, and chelation therapy.","2023-10-27","Kenya","Hydroxyurea 15-30 mg/kg/day"
"134","kidney failure (esrd)","End-stage renal disease is often secondary to uncontrolled diabetes and hypertension. Treatment: dialysis or kidney transplantation.","2023-10-27","Ethiopia","Hemodialysis or Peritoneal Dialysis"
"135","glaucoma (primary open-angle)","Most common form. Slow, asymptomatic vision loss. Screening is key, especially for diabetics and those with family history.","2023-10-27","Ghana","Topical Prostaglandin Analogues (Latanoprost)"
"136","cataract","Leading cause of reversible blindness. Treatment is surgical removal and intraocular lens implantation, which is a high-volume procedure in India.","2023-10-27","Morocco","Phacoemulsification and IOL insertion"
"137","refractive errors (uncorrected)","Simple vision problems (myopia, hyperopia) are a major cause of visual impairment, correctable with glasses. Public screening programs are vital.","2023-10-27","Algeria","Prescription Spectacles"
"138","dermatophytosis (ringworm)","Extremely common fungal skin infection, often recurrent due to humidity and poor hygiene. Treatment: topical or oral antifungals (terbinafine, fluconazole).","2023-10-27","Tanzania","Terbinafine cream topical daily x 4 weeks"
"139","scabies","Highly contagious skin mite infestation. Causes severe itching (worse at night). Treatment: topical permethrin for the patient and all close contacts.","2023-10-27","Uganda","Permethrin 5% cream topical (neck down)"
"140","leprosy (hansen's disease)","Chronic bacterial infection, now curable with Multi-Drug Therapy (MDT). Early detection prevents nerve damage and disability.","2023-10-27","Senegal","Multi-Drug Therapy (Rifampin, Dapsone, Clofazimine)"
"141","protein energy malnutrition (pem)","Severe deficiency (Kwashiorkor/Marasmus) primarily affecting young children. Requires structured nutritional rehabilitation.","2023-10-27","India","F-75/F-100 therapeutic milk diet"
"142","iron deficiency anemia (women/children)","Extremely high prevalence due to low dietary intake, hookworm, and frequent pregnancies. Treated with iron and folic acid supplementation.","2023-10-27","China","Ferrous Sulfate 325 mg PO daily"
"143","vitamin a deficiency (vad)","Major cause of preventable childhood blindness (Xerophthalmia). Prevented by Vitamin A supplementation programs and fortified foods.","2023-10-27","Japan","Vitamin A 200,000 IU capsule (for treatment/prophylaxis)"
"144","iodine deficiency disorders (idd)","Causes goiter and cretinism (mental retardation). Prevented globally by the use of iodized salt (Universal Salt Iodization).","2023-10-27","South Korea","Universal Iodized Salt use"
"145","vitamin d deficiency","Widespread, even in sunny climates, due to cultural practices (covering skin) and pollution. Treatment: high-dose Vitamin D supplementation.","2023-10-27","Australia","Vitamin D3 50,000 IU PO weekly"
"146","folate deficiency anemia","Common, especially in pregnancy. Prevented by Folic Acid supplementation, crucial for preventing neural tube defects.","2023-10-27","New Zealand","Folic Acid 5 mg PO daily"
"147","zinc deficiency","Contributes to growth failure and increases risk of diarrheal diseases in children. Zinc supplementation is routine in ORS therapy.","2023-10-27","Indonesia","Zinc Sulfate 20 mg PO daily for 10-14 days"
"148","fluorosis","Endemic in some states due to high fluoride content in groundwater, leading to dental and skeletal abnormalities. Mitigation via alternative water sources.","2023-10-27","Thailand","Switch to low-fluoride water sources"
"149","arsenicosis","Caused by high arsenic levels in drinking water (e.g., West Bengal). Leads to skin lesions, internal cancers. Mitigation: filtered water sources.","2023-10-27","Vietnam","Filter water via activated alumina or reverse osmosis"
"150","undernutrition in pregnancy","Risk factor for low birth weight and neonatal mortality. Focus on antenatal care, balanced diet, and iron/folic acid supplementation.","2023-10-27","Philippines","IFA supplementation (Iron 60mg + Folic Acid 400mcg)"
"151","neonatal sepsis","Infection in the first month of life, a major killer of newborns. Empiric treatment typically includes Ampicillin + Gentamicin.","2023-10-27","Malaysia","IV Ampicillin + Gentamicin"
"152","low birth weight (lbw)","Associated with maternal malnutrition, anemia, and prematurity. Requires specialized neonatal care.","2023-10-27","Singapore","Kangaroo Mother Care (KMC) / Incubator care"
"153","postpartum hemorrhage (pph)","Major cause of maternal mortality. Management: Uterine massage, oxytocin, and prompt identification/treatment of source.","2023-10-27","Saudi Arabia","Oxytocin 10 IU IM/IV"
"154","eclampsia","Seizures in a woman with pre-eclampsia. Requires Magnesium Sulfate (MgS04) for seizure control and delivery of the baby.","2023-10-27","UAE","Magnesium Sulfate 4g IV load, then maintenance infusion"
"155","infant and young child feeding (iycf)","Promotion of exclusive breastfeeding for the first 6 months and timely, adequate complementary feeding.","2023-10-27","Israel","Exclusive Breastfeeding for 6 months"
"156","polio eradication","India is Polio-free, but continued surveillance and vaccination (IPV/OPV) are mandatory to maintain this status.","2023-10-27","Iran","Oral Polio Vaccine (OPV) / IPV per schedule"
"157","rotavirus gastroenteritis","Causes severe dehydration in infants. Preventable by the Rotavirus vaccine, now part of the national immunization program.","2023-10-27","Pakistan","Rotavirus vaccine (two or three doses)"
"158","pneumococcal pneumonia","Bacterial cause of pneumonia, especially in children. Preventable by the Pneumococcal Conjugate Vaccine (PCV).","2023-10-27","Bangladesh","PCV-13 vaccine series"
"159","sexually transmitted infections (stis)","Screening and treatment (e.g., Gonorrhea, Chlamydia, Syphilis) are vital for public health and prevention of vertical transmission.","2023-10-27","Nepal","Ceftriaxone 250mg IM + Azithromycin 1g PO"
"160","childhood anemia","High prevalence. Caused by IDA, malnutrition, and worm infestation. Treatment: Iron supplementation and deworming.","2023-10-27","Sri Lanka","Iron syrup + Albendazole 400 mg PO single dose"
"161","road traffic accidents (rta) trauma","Major cause of morbidity and mortality, especially in young males. Requires fast pre-hospital care and trauma center stabilization (ATLS).","2023-10-27","Kazakhstan","ATLS Primary Survey (Airway, Breathing, Circulation)"
"162","poisoning (pesticide)","Common issue in rural areas (accidental or suicidal). Management involves decontamination, antidote (if available), and supportive care.","2023-10-27","Uzbekistan","Atropine/Pralidoxime (if Organophosphate poisoning)"
"163","chronic pain syndrome","Often related to musculoskeletal issues (back/knee) or neurological disease. Requires multidisciplinary management (physiotherapy, nerve blocks, pain medications).","2023-10-27","Afghanistan","Physical Therapy + Nerve blocks"
"164","mental health stigma/access","Lack of awareness and social stigma prevents people from seeking help for common conditions like depression and GAD. Tele-counseling can help bridge the gap.","2023-10-27","Lebanon","CBT (Cognitive Behavioral Therapy) sessions"
"165","substance use disorders (alcohol/opioids)","Growing problem. Treatment involves detoxification, counseling (CBT), and medication (e.g., naltrexone, buprenorphine).","2023-10-27","Jordan","Naltrexone 50 mg PO daily"
"166","indoor air pollution (biomass fuel)","Major risk factor for COPD and ARI, especially in women and children in rural homes. Promotion of clean cooking fuels is key.","2023-10-27","Kuwait","Adoption of LPG or electric cooking stoves"
"167","noise-induced hearing loss","Common in industrial and urban settings. Prevention: hearing protection devices and regulatory noise limits.","2023-10-27","Qatar","Ear Plugs or Earmuffs (in occupational settings)"
"168","heat stroke/exhaustion","Common during extreme summer months. Management: rapid cooling (ice packs, cooling blankets), hydration, and monitoring organ function.","2023-10-27","Bahrain","Rapid whole body immersion in cold water"
"169","animal bites (dogs/monkeys)","Risk of Rabies. Post-exposure prophylaxis is mandatory.","2023-10-27","Czech Republic","Thorough wound washing + PEP"
"170","cataract (surgical complication)","While surgery is common, ensuring quality and minimizing post-operative endophthalmitis is critical.","2023-10-27","Hungary","Intracameral Antibiotic Injection (Cefuroxime)"
"171","dry eye syndrome","Common in polluted, dry, or high-screen-use environments. Treatment: artificial tears, humidifiers, and lifestyle modification.","2023-10-27","Romania","Artificial tears (e.g., Carboxymethylcellulose) QID"
"172","allergic bronchitis/cough","Often confused with asthma. Management: identifying and avoiding allergens, and symptomatic relief.","2023-10-27","Bulgaria","Avoidance of known allergens (e.g., dust mites)"
"173","chronic hepatitis b/c monitoring","Regular screening (ultrasound, AFP) for hepatocellular carcinoma (HCC) in patients with chronic infection.","2023-10-27","Croatia","Ultrasound and AFP blood test every 6 months"
"174","non-tuberculous mycobacteria (ntm)","Lung disease that mimics TB but requires different antibiotic regimens, often environmental source.","2023-10-27","Serbia","Macrolide + Ethambutol + Rifampin (long-term course)"
"175","dengue hemorrhagic fever (dhf)","Severe form of Dengue. Characterized by plasma leakage and shock. Requires meticulous fluid management in a high-dependency unit.","2023-10-27","Slovenia","Strict monitoring of IV fluid input/output"
"176","chronic back pain","Extremely common due to poor posture, heavy lifting, or degenerative changes. Management: PT, core strengthening, NSAIDs, and weight management.","2023-10-27","Slovakia","Core strengthening exercises + NSAIDs"
"177","chronic kidney disease (ckd) in diabetics","Diabetic nephropathy is the leading cause of CKD. Strict BP control (ACEi/ARB) and glycemic control are essential.","2023-10-27","Lithuania","ACE Inhibitor (e.g., Losartan) + HbA1c target < 7.0%"
"178","skin infections (furuncles/carbuncles)","Staph aureus infections often requiring incision and drainage (I&D) and potentially antibiotics (if cellulitis or systemic signs).","2023-10-27","Latvia","Incision and Drainage (I&D) of abscess"
"179","malaria prophylaxis for travelers","Chemoprophylaxis (e.g., Doxycycline, Mefloquine) advised for non-immune travelers to endemic areas.","2023-10-27","Estonia","Doxycycline 100 mg PO daily (starting 2 days prior to travel)"
"180","vitamin b12 deficiency","Common, especially in strict vegetarians/vegans and those with malabsorption (e.g., post-gastric surgery). Treatment: B12 injections or high-dose oral supplements.","2023-10-27","Cuba","Cyanocobalamin 1000 mcg IM monthly"
"181","antimicrobial resistance (amr)","A public health crisis. Requires judicious antibiotic use, infection control, and surveillance to guide empiric therapy.","2023-10-27","Jamaica","Adherence to Antibiotic Stewardship Programs"
"182","air pollution exposure effects","Long-term exposure increases risk of CVD, stroke, lung cancer, and exacerbated asthma/COPD. Masks and air purifiers are protective measures.","2023-10-27","Haiti","Use of N95/P100 respirator mask"
"183","chronic liver disease (alcoholic)","Prevention through abstinence. Treatment includes nutritional support and management of cirrhosis complications.","2023-10-27","Venezuela","Lifelong abstinence from alcohol"
"184","pneumoconiosis (occupational lung disease)","Caused by inhalation of dust (silica, coal, asbestos) in occupational settings. Prevention: dust control and protective gear.","2023-10-27","Ecuador","Improved ventilation and dust suppression"
"185","filariasis control","Public health strategy involving Mass Drug Administration (MDA) with DEC and albendazole to interrupt transmission.","2023-10-27","Bolivia","Mass Drug Administration (MDA) annually"
"186","diabetes screening","Recommended for all adults over 30 (or earlier with risk factors) due to high prevalence. Screening tool: fasting plasma glucose or HbA1c.","2023-10-27","Paraguay","Fasting Plasma Glucose (FPG) test"
"187","hypertension screening","Regular BP checks are crucial from early adulthood to detect and manage HTN early, preventing stroke/MI.","2023-10-27","Uruguay","Regular BP cuff measurement"
"188","childhood pneumonia (diagnosis)","Clinical diagnosis based on cough, fever, and fast breathing/chest indrawing (WHO criteria).","2023-10-27","Guyana","Amoxicillin (if non-severe pneumonia in outpatient setting)"
"189","anemia control programs","Large-scale government programs distributing iron/folic acid tablets to pregnant women and children, often combined with deworming.","2023-10-27","Sudan","Distribution of Iron and Folic Acid (IFA) tablets"
"190","hepatocellular carcinoma (hcc)","Highly linked to chronic Hep B/C infection and cirrhosis. Surveillance via ultrasound/AFP is critical for early detection.","2023-10-27","DRC","Surgical resection (for early HCC)"
"191","acute coronary syndrome (acs) management","Time-sensitive care in India requires strengthening STEMI networks and rapid access to PCI/thrombolysis.","2023-10-27","Angola","Immediate transfer for Percutaneous Coronary Intervention (PCI)"
"192","dengue vaccine","Approved vaccines are available but decisions on use depend on local epidemiology and seroprevalence.","2023-10-27","Zambia","Dengue vaccine (per local guidelines)"
"193","tobacco cessation","Counselling, nicotine replacement therapy (NRT), or medications (bupropion, varenicline) are effective for all forms of tobacco use.","2023-10-27","Zimbabwe","Nicotine Replacement Therapy (NRT) patches/gum"
"194","non-communicable disease (ncd) screening","Integrated screening for DM, HTN, and common cancers at Primary Health Centres (PHCs).","2023-10-27","Mozambique","Integrated BP/Glucose/Cervical Cancer Screening"
"195","thyroid disorders (general)","Autoimmune (Hashimoto's/Graves') and iodine deficiency-related goiter are common. Screening with TSH is standard.","2023-10-27","Madagascar","TSH blood test screening"
"196","chronic constipation","Extremely common. Management: high fiber diet, fluid intake, exercise, and bulk-forming laxatives (psyllium).","2023-10-27","Cameroon","Psyllium fiber supplement daily"
"197","hiv treatment (art)","Lifelong Antiretroviral Therapy (ART) is the standard of care, preventing progression to AIDS and onward transmission.","2023-10-27","Côte d'Ivoire","Dolutegravir-based ART regimen"
"198","leprosy reaction management","Acute inflammatory episodes (Type 1/Type 2) require prompt treatment with corticosteroids or thalidomide to prevent nerve damage.","2023-10-27","Tunisia","Prednisolone 40-60 mg PO daily"
"199","fever of unknown origin (fuo)","Persistent fever without clear cause, often requiring broad investigation for TB, Kala-azar, malignancy, or connective tissue diseases.","2023-10-27","Libya","Broad investigation (CT scan, multiple cultures)"
"200","immunization schedule (universal)","Adherence to the national schedule (BCG, OPV/IPV, Hep B, Penta, Measles/MR, Rota, PCV, DPT/TT) is the cornerstone of child health.","2023-10-27","Fiji","Vaccination per Universal Immunization Program (UIP) schedule"
